ID,Description,GeneRatio,BgRatio,RichFactor,FoldEnrichment,zScore,pvalue,p.adjust,qvalue,geneID,Count
GO:0003013,circulatory system process,26/267,430/12672,0.06046511627906977,2.86971518160439,5.786902782382168,1.349990754320368e-6,0.002775264687100244,0.0026478794829364796,Ank2/Sod3/Dmd/Ier3/Cnr1/Abcc9/Sp4/Abcb1a/Manf/Cdh5/Mcpt4/Kcnma1/Ttn/Rbfox2/Dusp5/Sgcg/Pecam1/Trpv4/Akap12/Akap9/Akap6/Sgcd/Itga1/Cxcr2/Amot/Per2,26
GO:0008015,blood circulation,25/267,408/12672,0.061274509803921566,2.908129543952412,5.747573825285442,1.7147140482547073e-6,0.002775264687100244,0.0026478794829364796,Ank2/Sod3/Dmd/Ier3/Cnr1/Abcc9/Sp4/Manf/Cdh5/Mcpt4/Kcnma1/Ttn/Rbfox2/Dusp5/Sgcg/Pecam1/Trpv4/Akap12/Akap9/Akap6/Sgcd/Itga1/Cxcr2/Amot/Per2,25
GO:0003018,vascular process in circulatory system,15/267,197/12672,0.07614213197969544,3.613756915530714,5.424262802106342,1.819971144111788e-5,0.019637488644966193,0.01873612398885609,Sod3/Abcc9/Abcb1a/Manf/Cdh5/Kcnma1/Rbfox2/Dusp5/Pecam1/Trpv4/Akap12/Itga1/Cxcr2/Amot/Per2,15
