ID,Description,setSize,enrichmentScore,NES,pvalue,p.adjust,qvalue,rank,leading_edge,core_enrichment
HALLMARK_E2F_TARGETS,HALLMARK_E2F_TARGETS,183,-0.45911331080420864,-1.7803631855340702,6.17428185549675e-6,3.0871409277483753e-4,2.6646900639512296e-4,2731,"tags=49%, list=27%, signal=36%",1633/203068/7153/7037/6241/1031/4001/1164/4172/5424/3364/6118/5425/7157/5902/4085/253714/4678/84316/4288/10527/11340/7913/9700/24137/2146/81611/6941/5591/9833/4175/83461/4609/56655/23047/3161/7112/580/9787/5558/9232/1027/3930/6470/5347/3014/204/29127/1786/332/10797/3925/57122/29028/4999/5983/54556/5885/9221/29089/8243/11004/9972/983/7884/4361/7465/10606/51155/3070/10733/27338/675/4683/6119/11113/701/1503/5395/5982/83463/3015/7374/29893/10274/10248/55143/64858/147841/9212
HALLMARK_G2M_CHECKPOINT,HALLMARK_G2M_CHECKPOINT,186,-0.4409640873255028,-1.712600438951407,4.0545292750107195e-5,0.0010136323187526798,8.749247382917869e-4,2300,"tags=42%, list=23%, signal=33%",4085/1841/22974/4928/4678/4288/30000/1874/1058/9700/24137/2146/10036/7468/81539/51659/996/5001/7090/4175/6558/3151/4609/10592/23047/890/3161/3832/2130/7112/580/5558/9232/1027/4953/3930/1810/5813/5347/7290/9493/3014/699/29127/26271/10721/332/3925/10024/8317/5885/9221/1736/8243/8438/11004/983/7371/94239/51155/10146/6491/10733/27338/3980/10293/675/5933/262/4926/10403/9184/3015/6632/1432/10274/9994/57082/9212
HALLMARK_HEME_METABOLISM,HALLMARK_HEME_METABOLISM,140,0.43311342533480846,1.5609275308531474,0.0016382964393883079,0.0273049406564718,0.023568475092954604,1615,"tags=26%, list=16%, signal=22%",26020/114625/51257/54977/645/23351/51092/10422/23608/51274/210/535/2730/1508/10133/56895/115201/10553/4354/55544/23112/4779/7779/896/7389/718/220972/57610/51646/682/8031/23002/8780/54498/56180/669/3005
